UID,bad_flag
Te-1,0.05439962530863528
Te-2,0.08471938371397399
Te-3,0.04904430690253539
Te-4,0.09503360179697981
Te-5,0.06509915425082206
Te-6,0.03408569853626864
Te-7,0.025697408561442907
Te-8,0.07600911406683263
Te-9,0.11792990236111253
Te-10,0.05146389569860609
